{"cameraMode":{"drawMode":0,"name":"Shaded","section":"Shading Mode"},"sceneLighting":true,"audioPlay":false,"sceneViewState":{"m_AlwaysRefresh":false,"showFog":true,"showSkybox":true,"showFlares":true,"showImageEffects":true,"showParticleSystems":true,"showVisualEffectGraphs":true,"m_FxEnabled":true},"in2DMode":false,"pivot":{"x":494.4526672363281,"y":354.1245422363281,"z":-410.692626953125},"rotation":{"x":-0.19787602126598359,"y":-0.019465375691652299,"z":0.0037277303636074068,"w":-0.9802446961402893},"size":0.3222476541996002,"orthographic":false}