{"cameraMode":{"drawMode":0,"name":"Shaded","section":"Shading Mode"},"sceneLighting":true,"audioPlay":false,"sceneViewState":{"m_AlwaysRefresh":false,"showFog":true,"showSkybox":true,"showFlares":true,"showImageEffects":true,"showParticleSystems":true,"showVisualEffectGraphs":true,"m_FxEnabled":true},"in2DMode":false,"pivot":{"x":-20.171449661254884,"y":2.0399203300476076,"z":-14.688970565795899},"rotation":{"x":-0.03418054059147835,"y":-0.0028204547706991436,"z":0.000030077126211836003,"w":-0.9995494484901428},"size":9.858617782592774,"orthographic":false}