{"cameraMode":{"drawMode":0,"name":"Shaded","section":"Shading Mode"},"sceneLighting":true,"audioPlay":false,"sceneViewState":{"m_AlwaysRefresh":false,"showFog":true,"showSkybox":true,"showFlares":true,"showImageEffects":true,"showParticleSystems":true,"showVisualEffectGraphs":true,"m_FxEnabled":true},"in2DMode":false,"pivot":{"x":-12.585458755493164,"y":16.579553604125978,"z":-51.43899154663086},"rotation":{"x":0.25505560636520388,"y":0.41721925139427187,"z":-0.12326185405254364,"w":0.8636394739151001},"size":0.2888455092906952,"orthographic":false}